{"cameraMode":{"drawMode":0,"name":"Shaded","section":"Shading Mode"},"sceneLighting":true,"audioPlay":false,"sceneViewState":{"showFog":true,"showMaterialUpdate":true,"showSkybox":true,"showFlares":true,"showImageEffects":true,"showParticleSystems":true},"in2DMode":false,"pivot":{"x":8.661231994628907,"y":-7.83863639831543,"z":-1.728442668914795},"rotation":{"x":0.06277447938919068,"y":-0.725749135017395,"z":0.06681982427835465,"w":0.6818231344223023},"size":73.3156967163086,"orthographic":false}